-- MySQL dump 10.13  Distrib 8.0.23, for macos10.15 (x86_64)
--
-- Host: localhost    Database: chat
-- ------------------------------------------------------
-- Server version	8.0.23

/*!40101 SET @OLD_CHARACTER_SET_CLIENT=@@CHARACTER_SET_CLIENT */;
/*!40101 SET @OLD_CHARACTER_SET_RESULTS=@@CHARACTER_SET_RESULTS */;
/*!40101 SET @OLD_COLLATION_CONNECTION=@@COLLATION_CONNECTION */;
/*!50503 SET NAMES utf8mb4 */;
/*!40103 SET @OLD_TIME_ZONE=@@TIME_ZONE */;
/*!40103 SET TIME_ZONE='+00:00' */;
/*!40014 SET @OLD_UNIQUE_CHECKS=@@UNIQUE_CHECKS, UNIQUE_CHECKS=0 */;
/*!40014 SET @OLD_FOREIGN_KEY_CHECKS=@@FOREIGN_KEY_CHECKS, FOREIGN_KEY_CHECKS=0 */;
/*!40101 SET @OLD_SQL_MODE=@@SQL_MODE, SQL_MODE='NO_AUTO_VALUE_ON_ZERO' */;
/*!40111 SET @OLD_SQL_NOTES=@@SQL_NOTES, SQL_NOTES=0 */;

--
-- Table structure for table `friends`
--

DROP TABLE IF EXISTS `friends`;
/*!40101 SET @saved_cs_client     = @@character_set_client */;
/*!50503 SET character_set_client = utf8mb4 */;
CREATE TABLE `friends` (
  `id` int NOT NULL AUTO_INCREMENT,
  `userid` char(16) DEFAULT NULL,
  `list` text,
  `black_list` text,
  `block_list` text,
  `create_time` datetime DEFAULT CURRENT_TIMESTAMP,
  `update_time` datetime DEFAULT CURRENT_TIMESTAMP ON UPDATE CURRENT_TIMESTAMP,
  PRIMARY KEY (`id`),
  UNIQUE KEY `friends_UN_uid` (`userid`)
) ENGINE=InnoDB AUTO_INCREMENT=48 DEFAULT CHARSET=utf8mb4 COLLATE=utf8mb4_0900_ai_ci;
/*!40101 SET character_set_client = @saved_cs_client */;

--
-- Dumping data for table `friends`
--

LOCK TABLES `friends` WRITE;
/*!40000 ALTER TABLE `friends` DISABLE KEYS */;
INSERT INTO `friends` VALUES (8,'80000042',NULL,NULL,NULL,'2021-03-02 06:10:44','2021-03-02 06:10:44'),(9,'80000043',NULL,NULL,NULL,'2021-03-02 06:10:51','2021-03-02 06:10:51'),(10,'80000044',NULL,NULL,NULL,'2021-03-02 06:10:54','2021-03-02 06:10:54'),(11,'80000045',NULL,NULL,NULL,'2021-03-02 06:14:14','2021-03-02 06:14:14'),(12,'80000046',NULL,NULL,NULL,'2021-03-02 06:34:27','2021-03-02 06:34:27'),(13,'80000047',NULL,NULL,NULL,'2021-03-02 06:34:35','2021-03-02 06:34:35'),(14,'80000048',NULL,NULL,NULL,'2021-03-07 13:34:42','2021-03-07 13:34:42'),(15,'80000049',NULL,NULL,NULL,'2021-03-08 17:51:46','2021-03-08 17:51:46'),(16,'80000050',NULL,NULL,NULL,'2021-03-08 17:53:43','2021-03-08 17:53:43'),(17,'80000051',NULL,NULL,NULL,'2021-03-08 18:03:03','2021-03-08 18:03:03'),(18,'80000052',NULL,NULL,NULL,'2021-03-08 18:04:24','2021-03-08 18:04:24'),(19,'80000053',NULL,NULL,NULL,'2021-03-08 18:07:44','2021-03-08 18:07:44'),(20,'80000054',NULL,NULL,NULL,'2021-03-10 11:35:12','2021-03-10 11:35:12'),(21,'80000055',NULL,NULL,NULL,'2021-03-10 11:47:56','2021-03-10 11:47:56'),(22,'80000056',NULL,NULL,NULL,'2021-03-10 11:50:47','2021-03-10 11:50:47'),(23,'80000057',NULL,NULL,NULL,'2021-03-10 11:51:31','2021-03-10 11:51:31'),(24,'80000058',NULL,NULL,NULL,'2021-03-10 11:54:09','2021-03-10 11:54:09'),(25,'80000059',NULL,NULL,NULL,'2021-03-10 11:54:22','2021-03-10 11:54:22'),(26,'80000060',NULL,NULL,NULL,'2021-03-10 11:54:31','2021-03-10 11:54:31'),(27,'80000061',NULL,NULL,NULL,'2021-03-10 11:56:30','2021-03-10 11:56:30'),(28,'80000062',NULL,NULL,NULL,'2021-03-10 11:56:48','2021-03-10 11:56:48'),(29,'80000063',NULL,NULL,NULL,'2021-03-10 11:57:53','2021-03-10 11:57:53'),(30,'80000064',NULL,NULL,NULL,'2021-03-10 12:02:32','2021-03-10 12:02:32'),(31,'80000065',NULL,NULL,NULL,'2021-03-10 12:04:14','2021-03-10 12:04:14'),(32,'80000066',NULL,NULL,NULL,'2021-03-10 12:05:09','2021-03-10 12:05:09'),(33,'80000067',NULL,NULL,NULL,'2021-03-10 12:08:36','2021-03-10 12:08:36'),(34,'80000068',NULL,NULL,NULL,'2021-03-10 12:08:59','2021-03-10 12:08:59'),(35,'80000069',NULL,NULL,NULL,'2021-03-10 12:13:12','2021-03-10 12:13:12'),(36,'80000070',NULL,NULL,NULL,'2021-03-10 12:13:31','2021-03-10 12:13:31'),(37,'80000071',NULL,NULL,NULL,'2021-03-10 12:14:05','2021-03-10 12:14:05'),(38,'80000072',NULL,NULL,NULL,'2021-03-10 12:14:27','2021-03-10 12:14:27'),(39,'80000073',NULL,NULL,NULL,'2021-03-10 12:19:18','2021-03-10 12:19:18'),(40,'80000074',NULL,NULL,NULL,'2021-03-10 14:38:09','2021-03-10 14:38:09'),(41,'80000075',NULL,NULL,NULL,'2021-03-10 15:45:05','2021-03-10 15:45:05'),(42,'80000076',NULL,NULL,NULL,'2021-03-14 20:03:32','2021-03-14 20:03:32'),(43,'80000077',NULL,NULL,NULL,'2021-03-14 20:12:07','2021-03-14 20:12:07'),(44,'80000078',NULL,NULL,NULL,'2021-03-14 20:56:24','2021-03-14 20:56:24'),(45,'80000079',NULL,NULL,NULL,'2021-03-14 21:00:11','2021-03-14 21:00:11'),(46,'80000080',NULL,NULL,NULL,'2021-03-14 21:29:14','2021-03-14 21:29:14'),(47,'80000081','80000080,80000079,80000078,80000077','80000076,80000075,80000074','80000073,80000072,80000071','2021-03-15 20:55:07','2021-03-15 20:56:49');
/*!40000 ALTER TABLE `friends` ENABLE KEYS */;
UNLOCK TABLES;

--
-- Table structure for table `msgs`
--

DROP TABLE IF EXISTS `msgs`;
/*!40101 SET @saved_cs_client     = @@character_set_client */;
/*!50503 SET character_set_client = utf8mb4 */;
CREATE TABLE `msgs` (
  `id` int NOT NULL AUTO_INCREMENT,
  `from_uid` char(16) DEFAULT NULL,
  `to_uid` char(16) DEFAULT NULL,
  `detail` text,
  `status` char(2) CHARACTER SET utf8mb4 COLLATE utf8mb4_0900_ai_ci DEFAULT '1' COMMENT '0--删除,1--未读,2--已读',
  `create_time` datetime DEFAULT CURRENT_TIMESTAMP,
  `update_time` datetime DEFAULT CURRENT_TIMESTAMP ON UPDATE CURRENT_TIMESTAMP,
  PRIMARY KEY (`id`)
) ENGINE=InnoDB AUTO_INCREMENT=4 DEFAULT CHARSET=utf8mb4 COLLATE=utf8mb4_0900_ai_ci;
/*!40101 SET character_set_client = @saved_cs_client */;

--
-- Dumping data for table `msgs`
--

LOCK TABLES `msgs` WRITE;
/*!40000 ALTER TABLE `msgs` DISABLE KEYS */;
INSERT INTO `msgs` VALUES (1,'80000081','80000080','哇哈哈哈','1','2021-03-17 01:29:17','2021-03-17 01:29:17'),(2,'80000081','80000079','淅沥沥','1','2021-03-17 01:29:17','2021-03-17 01:29:17'),(3,'80000079','80000081','洗刷刷洗刷刷洗刷刷洗刷刷洗刷刷洗刷刷洗刷刷洗刷刷洗刷刷洗刷刷洗刷刷洗刷刷洗刷刷','1','2021-03-17 01:29:17','2021-03-17 01:29:17');
/*!40000 ALTER TABLE `msgs` ENABLE KEYS */;
UNLOCK TABLES;

--
-- Table structure for table `sysmsgs`
--

DROP TABLE IF EXISTS `sysmsgs`;
/*!40101 SET @saved_cs_client     = @@character_set_client */;
/*!50503 SET character_set_client = utf8mb4 */;
CREATE TABLE `sysmsgs` (
  `id` int NOT NULL AUTO_INCREMENT,
  `from_uid` char(16) DEFAULT NULL,
  `to_uid` char(16) DEFAULT NULL,
  `title` char(32) DEFAULT NULL,
  `detail` text CHARACTER SET utf8mb4 COLLATE utf8mb4_0900_ai_ci,
  `status` char(2) DEFAULT NULL,
  `create_time` datetime DEFAULT CURRENT_TIMESTAMP,
  `update_time` datetime DEFAULT CURRENT_TIMESTAMP ON UPDATE CURRENT_TIMESTAMP,
  PRIMARY KEY (`id`)
) ENGINE=InnoDB AUTO_INCREMENT=4 DEFAULT CHARSET=utf8mb4 COLLATE=utf8mb4_0900_ai_ci;
/*!40101 SET character_set_client = @saved_cs_client */;

--
-- Dumping data for table `sysmsgs`
--

LOCK TABLES `sysmsgs` WRITE;
/*!40000 ALTER TABLE `sysmsgs` DISABLE KEYS */;
INSERT INTO `sysmsgs` VALUES (1,NULL,NULL,'测试公告','这是一条测试公告','1','2021-03-17 23:30:19','2021-03-17 23:30:41'),(2,NULL,NULL,'测试公告2','这是第二条测试公告','2','2021-03-17 23:41:41','2021-03-17 23:41:41'),(3,NULL,NULL,'测试公告3','这是第三条测试公告','1','2021-03-17 23:41:41','2021-03-17 23:41:41');
/*!40000 ALTER TABLE `sysmsgs` ENABLE KEYS */;
UNLOCK TABLES;

--
-- Table structure for table `user`
--

DROP TABLE IF EXISTS `user`;
/*!40101 SET @saved_cs_client     = @@character_set_client */;
/*!50503 SET character_set_client = utf8mb4 */;
CREATE TABLE `user` (
  `userid` int NOT NULL AUTO_INCREMENT,
  `username` char(64) CHARACTER SET utf8mb4 COLLATE utf8mb4_0900_ai_ci NOT NULL,
  `password` char(128) CHARACTER SET utf8mb4 COLLATE utf8mb4_0900_ai_ci NOT NULL,
  `phone` char(16) CHARACTER SET utf8mb4 COLLATE utf8mb4_0900_ai_ci DEFAULT '18888888888',
  `gender` char(8) DEFAULT '0' COMMENT '0--默认\n1--男\n2--女',
  `status` char(8) CHARACTER SET utf8mb4 COLLATE utf8mb4_0900_ai_ci DEFAULT '1' COMMENT '0--冻结\n1--正常\n2--暂停',
  `create_time` datetime DEFAULT CURRENT_TIMESTAMP,
  `update_time` datetime DEFAULT CURRENT_TIMESTAMP ON UPDATE CURRENT_TIMESTAMP,
  PRIMARY KEY (`userid`),
  UNIQUE KEY `user_UN_username` (`username`)
) ENGINE=InnoDB AUTO_INCREMENT=80000082 DEFAULT CHARSET=utf8mb4 COLLATE=utf8mb4_0900_ai_ci;
/*!40101 SET character_set_client = @saved_cs_client */;

--
-- Dumping data for table `user`
--

LOCK TABLES `user` WRITE;
/*!40000 ALTER TABLE `user` DISABLE KEYS */;
INSERT INTO `user` VALUES (80000042,'icetest1','U2FsdGVkX18pZWC9aQFCzI9lutSbx0UQ816rAvHC2Kc=','18888888888','0','1','2021-03-02 06:10:44','2021-03-02 06:10:44'),(80000043,'icetest2','U2FsdGVkX1+yEgfc3KQuuaFbf+XDn1n/Iv6k7OS88L0=','18888888888','0','1','2021-03-02 06:10:51','2021-03-02 06:10:51'),(80000044,'icetest3','U2FsdGVkX18107qMm0ShAq4PRM82zI0B9fE3gPTcSz4=','18888888888','0','1','2021-03-02 06:10:54','2021-03-02 06:10:54'),(80000045,'icetest4','U2FsdGVkX1/veEbTuSwwPxupDilEBJdMEowFfVKiOAM=','18888888888','0','1','2021-03-02 06:14:14','2021-03-02 06:14:14'),(80000046,'icetest33','U2FsdGVkX19/3eORJzwSPbyYf5lqGxyG5ta/8VMNhUY=','18888888888','0','1','2021-03-02 06:34:27','2021-03-02 06:34:27'),(80000047,'icetest35','U2FsdGVkX195YBH8wbtFPBjwHFtw893EuUUQQhyRj6U=','18888888888','0','1','2021-03-02 06:34:35','2021-03-02 06:34:35'),(80000048,'icetest357','U2FsdGVkX1+lqkszVS8RsLYMmcI9pogasPdl5WUT5Ps=','18888888888','0','1','2021-03-07 13:34:42','2021-03-07 13:34:42'),(80000049,'icetest121','U2FsdGVkX1+8kx/Orn7QLIUH0PCxaGtn/WA/tPvb7EE=','18888888888','0','1','2021-03-08 17:51:46','2021-03-08 17:51:46'),(80000050,'icetest333','U2FsdGVkX1+SoE+RUSaRmsQ5cGdJMYhbPQhIqkG4ymAR5CNme29UM4dR0r2n93oTbd2S7hEKt7sOJnouMXDhFg==','18888888888','0','1','2021-03-08 17:53:43','2021-03-08 17:53:43'),(80000051,'abababa111','U2FsdGVkX18hlYGt6AI/KuQd05n58HkRPQMoDMYuNtm/pbO5qORegzMvWzWLd4RQqX0zbbmHZC8oCjtbk4CVig==','18888888888','0','1','2021-03-08 18:03:03','2021-03-08 18:03:03'),(80000052,'icetest123','U2FsdGVkX1/G34jpvYjq6WePNsIE4w4LG/I84kWZrl6TMeKb8giiCGTlodPwGbO0+EzmKBZ3YTJg1jQzqB7Uzw==','18888888888','0','1','2021-03-08 18:04:24','2021-03-08 18:04:24'),(80000053,'icetest','U2FsdGVkX18j0oIjVhqvafrODILChBFGAM9OYW5jo8DQEMOQ05OAsd7mXAlDTZUF7t4utzuRM2I2UEuhH7DSRA==','18888888888','0','1','2021-03-08 18:07:44','2021-03-08 18:07:44'),(80000054,'user10','U2FsdGVkX1+uG0+jcxXo5o/eTQj7MTeWkY6byouFlXRSJ8Jsg6JHB3j4kdD3PPNKMb1nkGfnA2p2uQFg89OKcA==','18888888888','0','1','2021-03-10 11:35:12','2021-03-10 11:35:12'),(80000055,'user111','U2FsdGVkX18mE0SHNz5b1GhWukqRbDD6GevpOaPpzG9xYwNu701s1iEYx3hMdHNPxAS7Iyy6o5XDuNTgj8ZK8g==','18888888888','0','1','2021-03-10 11:47:56','2021-03-10 11:47:56'),(80000056,'user12333','U2FsdGVkX19W/AWTp7MRY+UDVo9SF+GQe0tpuGxRN6ccJqb/Mrb4cjNvih/TWnFFjTUuw+8mjUo1i0czeDRLbQ==','18888888888','0','1','2021-03-10 11:50:47','2021-03-10 11:50:47'),(80000057,'test123','U2FsdGVkX18AivBw59DKA93ZupgA7VcAeWrN6HftuxhjAaoOisd/taa/qZc4ELntzIB16XeA7I3ebL8VGOyXIw==','18888888888','0','1','2021-03-10 11:51:31','2021-03-10 11:51:31'),(80000058,'saigudas123','U2FsdGVkX196gwi5beA08lIWo19xRBWYlIygoWQeJ8NjMvZh0H8t9ynd5tVZegd2i2NTTgSHpcWreDIrs6gtBA==','18888888888','0','1','2021-03-10 11:54:09','2021-03-10 11:54:09'),(80000059,'saigudas1231','U2FsdGVkX19xssF5/7ZDtbJgAr6VcpeNbK7RzrnQbrcGvSyBuOTTtsq3gKBjAdn6u4hLU0fHDey80zI98DKHtg==','18888888888','0','1','2021-03-10 11:54:22','2021-03-10 11:54:22'),(80000060,'13ehdusa','U2FsdGVkX1+9w/K87a5dePmJButJktGCJ8XRJhTjfEQtDCDCX9xu7KyI4GHL2PMz44b/RExVAVx1++q1TkdbCw==','18888888888','0','1','2021-03-10 11:54:31','2021-03-10 11:54:31'),(80000061,'test12312','U2FsdGVkX18HskLsdYXz970R2vHR8fDzm2PJJao2l9MS33+ba1v7nT31cHF7SRgnIr91gZjPdlSC7xU9MtWzFg==','18888888888','0','1','2021-03-10 11:56:30','2021-03-10 11:56:30'),(80000062,'test123121','U2FsdGVkX195scJNAANwREM3yNmXJnxZMexpJ5Ie7cJEiGr9Sea8tFyATB1rvAwHh/N5PtUaReMUXDsALcc9Sw==','18888888888','0','1','2021-03-10 11:56:48','2021-03-10 11:56:48'),(80000063,'1231asdasd','U2FsdGVkX1+s6r6qcMpq5AqxC0qUuaa652o5d1G6YUqU2TWFrNQ6Q02vK94EwZ+CoQzfUEgvRKcOF66Rs1ZppA==','18888888888','0','1','2021-03-10 11:57:53','2021-03-10 11:57:53'),(80000064,'12312asda','U2FsdGVkX1/r+1sA1C4RSh4Tt8wa7r2s2KS6bb2vnsXD1p8A2v5yZoqS64r4v8YSV6AgcUPgUYJ6yEtOtCTsMA==','18888888888','0','1','2021-03-10 12:02:32','2021-03-10 12:02:32'),(80000065,'123213sdada','U2FsdGVkX1/WX0W0Lu1PCogK2T6j8VTqdneNBMz+sVp1hxCSpYSH/nrli9i8oPWAip1PBLf1zZ/J0iADHNYMcQ==','18888888888','0','1','2021-03-10 12:04:14','2021-03-10 12:04:14'),(80000066,'user101','U2FsdGVkX1+Bw7y6VKKtiXLwdHjV5EXQofd4lQ0THD4MbjiKNsAGwXdR26Jt5KIXd42YGcZ+OhMPPGCc3EXUsg==','18888888888','0','1','2021-03-10 12:05:09','2021-03-10 12:05:09'),(80000067,'test12321','U2FsdGVkX19yQ8d16wDkEqEJAHHMLkuk+30G5xQmILeWMZRt0K7rn8r8dOcI5HXh1hyogqWWEb3Zi7of3ivr1w==','18888888888','0','1','2021-03-10 12:08:36','2021-03-10 12:08:36'),(80000068,'test12321123','U2FsdGVkX19hz8GmLwZcSeMsySeHd8X2+h9xg1vJMq7fUvBHSKMqXGF2nkiep4YTZAk4wGjCn3AKViV+kA3GsA==','18888888888','0','1','2021-03-10 12:08:59','2021-03-10 12:08:59'),(80000069,'user100123','U2FsdGVkX182MlYnQJW0mV5S8cWeqPiXfyD6Al4VRM+HdQ4uyQ+5U/6KScMBu/NkmvZ0Oh92TJnBRT4A2w5m1A==','18888888888','0','1','2021-03-10 12:13:12','2021-03-10 12:13:12'),(80000070,'user1001233','U2FsdGVkX1+N6BDnz2tHeHlCavCohA9APRTC3GQqo7THhnnNkGl/Aaqs5X1/9PSMuq5H9hR//nv0oagUMltshQ==','18888888888','0','1','2021-03-10 12:13:31','2021-03-10 12:13:31'),(80000071,'user1113321','U2FsdGVkX19t3frYaa6PY0uCNGwjc1B0TCtW3zohw1cD0l+cEThhCjl3Bn8ZtZi/HzA8CxxowNInaKhA7y+9Tw==','18888888888','0','1','2021-03-10 12:14:05','2021-03-10 12:14:05'),(80000072,'user12312','U2FsdGVkX1/ydtQQj3zTKHP3J07W5vMsBoaIUvLHb0lOhLnerKs9/Xlo9yivFSQTjYuThq+qLtRIV1KeVi1qHA==','18888888888','0','1','2021-03-10 12:14:27','2021-03-10 12:14:27'),(80000073,'icetest0001','U2FsdGVkX1/IYydYnWTWedPmmQg1Yynj0pomG4wlJIo6QwcbM7yMgpKk5SwShoaQqFaI9eWjspTfH/cfRx3x7A==','18888888888','0','1','2021-03-10 12:19:18','2021-03-10 12:19:18'),(80000074,'icetest331','U2FsdGVkX1/evGsxoteMo/GTXqvOhFm/e3Wu5qSuHmKGhJZElgEgMziKqzMmWLSVeh05pZgWV1A9KPOY65dO6A==','18888888888','0','1','2021-03-10 14:38:09','2021-03-10 14:38:09'),(80000075,'user10111','U2FsdGVkX1+cUm7t+Ta/MZL5TXUF8nyC0HyAfJQ2GWiU93uHgzPn0aBWhgt3LhtUyDH57gPLBzckmNFw5ZV6Gg==','18888888888','0','1','2021-03-10 15:45:05','2021-03-10 15:45:05'),(80000076,'icetest345','U2FsdGVkX1/V5SbXKeebJvqFBr+J6P30ZG1fvcgqR2Q=','18888888888','0','1','2021-03-14 20:03:32','2021-03-14 20:03:32'),(80000077,'icetest3451','U2FsdGVkX19QUhpCIc9rnGC+JueFhci4ruDT30n+IcE=','18888888888','0','1','2021-03-14 20:12:07','2021-03-14 20:12:07'),(80000078,'icetest345333','U2FsdGVkX1/3HB7Ro0qZcOCS2aWZkH/FU9gWu+Kk3vs=','18888888888','0','1','2021-03-14 20:56:24','2021-03-14 20:56:24'),(80000079,'icetest123123','U2FsdGVkX19pSLMMtw80WtCBtQeM9RXBJV6EOka7Dqw=','18888888888','0','1','2021-03-14 21:00:11','2021-03-14 21:00:11'),(80000080,'icetest001','U2FsdGVkX18a+NwQKS+BMkm4y8mZORugKxxWut+ccAw=','18888888888','0','1','2021-03-14 21:29:14','2021-03-14 21:29:14'),(80000081,'iceonly','U2FsdGVkX19LRCDguX2D51inH6pxt4W3L8+o/jDUnmQr4L5TwfF516I8IxJSOr2QaqcNxLB+yg0u4rwY3M8GwQ==','18888888888','0','1','2021-03-15 20:55:07','2021-03-15 20:55:07');
/*!40000 ALTER TABLE `user` ENABLE KEYS */;
UNLOCK TABLES;

--
-- Table structure for table `userinfo`
--

DROP TABLE IF EXISTS `userinfo`;
/*!40101 SET @saved_cs_client     = @@character_set_client */;
/*!50503 SET character_set_client = utf8mb4 */;
CREATE TABLE `userinfo` (
  `id` int NOT NULL AUTO_INCREMENT,
  `userid` char(16) CHARACTER SET utf8mb4 COLLATE utf8mb4_0900_ai_ci DEFAULT NULL,
  `nickname` char(64) DEFAULT NULL COMMENT '昵称',
  `avatar_num` char(4) CHARACTER SET utf8mb4 COLLATE utf8mb4_0900_ai_ci DEFAULT '0' COMMENT '默认头像序列',
  `avatar_url` char(200) DEFAULT NULL COMMENT '头像地址',
  `back_url` char(200) DEFAULT NULL COMMENT '背景地址',
  `account` char(32) DEFAULT NULL COMMENT '自定义账号',
  `address` char(128) DEFAULT NULL COMMENT '详细地址',
  `sign` char(128) CHARACTER SET utf8mb4 COLLATE utf8mb4_0900_ai_ci DEFAULT '这家伙什么都没留下' COMMENT '个性签名',
  `city` char(8) DEFAULT NULL COMMENT '地区',
  `birth` char(64) CHARACTER SET utf8mb4 COLLATE utf8mb4_0900_ai_ci DEFAULT '1988-08-08',
  `point` char(16) CHARACTER SET utf8mb4 COLLATE utf8mb4_0900_ai_ci DEFAULT '0' COMMENT '点数',
  `create_time` datetime DEFAULT CURRENT_TIMESTAMP,
  `update_time` datetime DEFAULT CURRENT_TIMESTAMP ON UPDATE CURRENT_TIMESTAMP,
  PRIMARY KEY (`id`),
  UNIQUE KEY `userinfo_UN_acc` (`account`),
  UNIQUE KEY `userinfo_UN_uid` (`userid`)
) ENGINE=InnoDB AUTO_INCREMENT=60 DEFAULT CHARSET=utf8mb4 COLLATE=utf8mb4_0900_ai_ci;
/*!40101 SET character_set_client = @saved_cs_client */;

--
-- Dumping data for table `userinfo`
--

LOCK TABLES `userinfo` WRITE;
/*!40000 ALTER TABLE `userinfo` DISABLE KEYS */;
INSERT INTO `userinfo` VALUES (20,'80000042',NULL,'0',NULL,NULL,NULL,NULL,'这家伙什么都没留下',NULL,'1988-08-08','0','2021-03-02 06:10:44','2021-03-02 06:10:44'),(21,'80000043',NULL,'0',NULL,NULL,NULL,NULL,'这家伙什么都没留下',NULL,'1988-08-08','0','2021-03-02 06:10:51','2021-03-02 06:10:51'),(22,'80000044',NULL,'0',NULL,NULL,NULL,NULL,'这家伙什么都没留下',NULL,'1988-08-08','0','2021-03-02 06:10:54','2021-03-02 06:10:54'),(23,'80000045',NULL,'0',NULL,NULL,NULL,NULL,'这家伙什么都没留下',NULL,'1988-08-08','0','2021-03-02 06:14:14','2021-03-02 06:14:14'),(24,'80000046',NULL,'0',NULL,NULL,NULL,NULL,'这家伙什么都没留下',NULL,'1988-08-08','0','2021-03-02 06:34:27','2021-03-02 06:34:27'),(25,'80000047',NULL,'0',NULL,NULL,NULL,NULL,'这家伙什么都没留下',NULL,'1988-08-08','0','2021-03-02 06:34:35','2021-03-02 06:34:35'),(26,'80000048',NULL,'0',NULL,NULL,NULL,NULL,'这家伙什么都没留下',NULL,'1988-08-08','0','2021-03-07 13:34:42','2021-03-07 13:34:42'),(27,'80000049',NULL,'0',NULL,NULL,NULL,NULL,'这家伙什么都没留下',NULL,'1988-08-08','0','2021-03-08 17:51:46','2021-03-08 17:51:46'),(28,'80000050',NULL,'0',NULL,NULL,NULL,NULL,'这家伙什么都没留下',NULL,'1988-08-08','0','2021-03-08 17:53:43','2021-03-08 17:53:43'),(29,'80000051',NULL,'0',NULL,NULL,NULL,NULL,'这家伙什么都没留下',NULL,'1988-08-08','0','2021-03-08 18:03:03','2021-03-08 18:03:03'),(30,'80000052',NULL,'0',NULL,NULL,NULL,NULL,'这家伙什么都没留下',NULL,'1988-08-08','0','2021-03-08 18:04:24','2021-03-08 18:04:24'),(31,'80000053',NULL,'0',NULL,NULL,NULL,NULL,'这家伙什么都没留下',NULL,'1988-08-08','0','2021-03-08 18:07:44','2021-03-08 18:07:44'),(32,'80000054',NULL,'0',NULL,NULL,NULL,NULL,'这家伙什么都没留下',NULL,'1988-08-08','0','2021-03-10 11:35:12','2021-03-10 11:35:12'),(33,'80000055',NULL,'0',NULL,NULL,NULL,NULL,'这家伙什么都没留下',NULL,'1988-08-08','0','2021-03-10 11:47:56','2021-03-10 11:47:56'),(34,'80000056',NULL,'0',NULL,NULL,NULL,NULL,'这家伙什么都没留下',NULL,'1988-08-08','0','2021-03-10 11:50:47','2021-03-10 11:50:47'),(35,'80000057',NULL,'0',NULL,NULL,NULL,NULL,'这家伙什么都没留下',NULL,'1988-08-08','0','2021-03-10 11:51:31','2021-03-10 11:51:31'),(36,'80000058',NULL,'0',NULL,NULL,NULL,NULL,'这家伙什么都没留下',NULL,'1988-08-08','0','2021-03-10 11:54:09','2021-03-10 11:54:09'),(37,'80000059',NULL,'0',NULL,NULL,NULL,NULL,'这家伙什么都没留下',NULL,'1988-08-08','0','2021-03-10 11:54:22','2021-03-10 11:54:22'),(38,'80000060',NULL,'0',NULL,NULL,NULL,NULL,'这家伙什么都没留下',NULL,'1988-08-08','0','2021-03-10 11:54:31','2021-03-10 11:54:31'),(39,'80000061',NULL,'0',NULL,NULL,NULL,NULL,'这家伙什么都没留下',NULL,'1988-08-08','0','2021-03-10 11:56:30','2021-03-10 11:56:30'),(40,'80000062',NULL,'0',NULL,NULL,NULL,NULL,'这家伙什么都没留下',NULL,'1988-08-08','0','2021-03-10 11:56:48','2021-03-10 11:56:48'),(41,'80000063',NULL,'0',NULL,NULL,NULL,NULL,'这家伙什么都没留下',NULL,'1988-08-08','0','2021-03-10 11:57:53','2021-03-10 11:57:53'),(42,'80000064',NULL,'0',NULL,NULL,NULL,NULL,'这家伙什么都没留下',NULL,'1988-08-08','0','2021-03-10 12:02:32','2021-03-10 12:02:32'),(43,'80000065',NULL,'0',NULL,NULL,NULL,NULL,'这家伙什么都没留下',NULL,'1988-08-08','0','2021-03-10 12:04:14','2021-03-10 12:04:14'),(44,'80000066',NULL,'0',NULL,NULL,NULL,NULL,'这家伙什么都没留下',NULL,'1988-08-08','0','2021-03-10 12:05:09','2021-03-10 12:05:09'),(45,'80000067',NULL,'0',NULL,NULL,NULL,NULL,'这家伙什么都没留下',NULL,'1988-08-08','0','2021-03-10 12:08:36','2021-03-10 12:08:36'),(46,'80000068',NULL,'0',NULL,NULL,NULL,NULL,'这家伙什么都没留下',NULL,'1988-08-08','0','2021-03-10 12:08:59','2021-03-10 12:08:59'),(47,'80000069',NULL,'0',NULL,NULL,NULL,NULL,'这家伙什么都没留下',NULL,'1988-08-08','0','2021-03-10 12:13:12','2021-03-10 12:13:12'),(48,'80000070',NULL,'0',NULL,NULL,NULL,NULL,'这家伙什么都没留下',NULL,'1988-08-08','0','2021-03-10 12:13:31','2021-03-10 12:13:31'),(49,'80000071',NULL,'0',NULL,NULL,NULL,NULL,'这家伙什么都没留下',NULL,'1988-08-08','0','2021-03-10 12:14:05','2021-03-10 12:14:05'),(50,'80000072',NULL,'0',NULL,NULL,NULL,NULL,'这家伙什么都没留下',NULL,'1988-08-08','0','2021-03-10 12:14:27','2021-03-10 12:14:27'),(51,'80000073','是德国iu噶度啊高速的撒','0','../../assets/imgs/avatars/default.png',NULL,NULL,NULL,'什么鬼',NULL,'1988-08-08','0','2021-03-10 12:19:18','2021-03-15 22:40:24'),(52,'80000074','淅沥沥','0',NULL,NULL,NULL,NULL,'这家伙什么都没留下',NULL,'1988-08-08','0','2021-03-10 14:38:09','2021-03-15 22:40:24'),(53,'80000075','哇哈哈','0','../../assets/imgs/avatars/default.png',NULL,NULL,NULL,'这家伙什么都没留下',NULL,'1988-08-08','0','2021-03-10 15:45:05','2021-03-15 22:40:24'),(54,'80000076',NULL,'0',NULL,NULL,NULL,NULL,'这家伙什么都没留下',NULL,'1988-08-08','0','2021-03-14 20:03:32','2021-03-14 20:03:32'),(55,'80000077',NULL,'0',NULL,NULL,NULL,NULL,'这家伙什么都没留下',NULL,'1988-08-08','0','2021-03-14 20:12:07','2021-03-14 20:12:07'),(56,'80000078','打扫和破碎害怕偶的化身出撒很庞大','0','../../assets/imgs/avatars/default.png',NULL,'userhsoa','多好怂啊哈','这家伙什么都没留下',NULL,'1988-08-08','0','2021-03-14 20:56:24','2021-03-15 22:42:15'),(57,'80000079','出撒个和平的撒','0',NULL,NULL,NULL,NULL,'这家伙什么都没留下',NULL,'1988-08-08','0','2021-03-14 21:00:11','2021-03-15 22:42:15'),(58,'80000080','剁手啊平和的撒','0',NULL,NULL,NULL,NULL,'这家伙什么都没留下',NULL,'1988-08-08','0','2021-03-14 21:29:14','2021-03-15 22:42:15'),(59,'80000081','我刷低撒','0','../../assets/imgs/avatars/default.png',NULL,NULL,NULL,'这家伙什么都没留下',NULL,'1988-08-08','0','2021-03-15 20:55:07','2021-03-15 22:42:15');
/*!40000 ALTER TABLE `userinfo` ENABLE KEYS */;
UNLOCK TABLES;

--
-- Dumping routines for database 'chat'
--
/*!40103 SET TIME_ZONE=@OLD_TIME_ZONE */;

/*!40101 SET SQL_MODE=@OLD_SQL_MODE */;
/*!40014 SET FOREIGN_KEY_CHECKS=@OLD_FOREIGN_KEY_CHECKS */;
/*!40014 SET UNIQUE_CHECKS=@OLD_UNIQUE_CHECKS */;
/*!40101 SET CHARACTER_SET_CLIENT=@OLD_CHARACTER_SET_CLIENT */;
/*!40101 SET CHARACTER_SET_RESULTS=@OLD_CHARACTER_SET_RESULTS */;
/*!40101 SET COLLATION_CONNECTION=@OLD_COLLATION_CONNECTION */;
/*!40111 SET SQL_NOTES=@OLD_SQL_NOTES */;

-- Dump completed on 2021-03-19  3:16:10
